Series Name,Series Code,country_name,country_abb,2008 [YR2008],2009 [YR2009],2010 [YR2010],2011 [YR2011],2012 [YR2012],2013 [YR2013],2014 [YR2014],2015 [YR2015],2016 [YR2016],2017 [YR2017],2018 [YR2018],2019 [YR2019],2020 [YR2020],2021 [YR2021],2022 [YR2022],2023 [YR2023]
GDP per capita (current US$),NY.GDP.PCAP.CD,Afghanistan,AFG,382.5338072,453.3873851,562.4992216,608.7388504,653.4174749,638.733181,626.5129291,566.8811297,523.053012,526.140801,492.090631,497.7414313,512.055098,355.7778264,352.6037331,..
GDP per capita (current US$),NY.GDP.PCAP.CD,Albania,ALB,4370.539716,4114.134033,4094.349686,4437.141161,4247.631343,4413.063383,4578.633208,3952.803574,4124.05539,4531.032207,5287.660801,5396.214243,5343.037704,6377.203096,6810.114041,8367.775731
GDP per capita (current US$),NY.GDP.PCAP.CD,Algeria,DZA,5217.991822,4270.858451,4958.259379,5974.570087,6096.090015,6044.674903,6164.644699,4741.49977,4481.081962,4615.868744,4640.314145,4530.101745,3794.409524,4216.251285,5023.252932,5260.20625
GDP per capita (current US$),NY.GDP.PCAP.CD,American Samoa,ASM,10019.50225,12191.59773,10446.86321,10495.30473,11920.06109,12038.87159,12313.99736,13101.54182,13300.82461,12372.88478,13195.9359,13672.57666,15609.77722,16653.71378,19673.3901,..
GDP per capita (current US$),NY.GDP.PCAP.CD,Andorra,AND,53938.85213,49950.9335,48237.89117,51428.19695,44902.38077,44747.75386,45680.53499,38885.53032,39931.21698,40632.23155,42904.82846,41328.6005,37207.222,42066.49052,42350.69707,46544.72072
GDP per capita (current US$),NY.GDP.PCAP.CD,Angola,AGO,4081.717506,3123.698885,3586.663694,4608.155166,5083.826873,5061.349253,5011.984427,3217.33924,1809.709377,2439.374439,2540.508879,2191.347764,1450.905111,1927.474078,2933.484644,2309.52162
GDP per capita (current US$),NY.GDP.PCAP.CD,Antigua and Barbuda,ATG,18708.97335,16401.02733,15149.7235,14774.03218,15136.84111,14977.07183,15451.49524,15985.54114,16449.05915,16803.87023,18133.8226,18730.0048,15224.85859,17178.54372,19919.72669,21560.21533
GDP per capita (current US$),NY.GDP.PCAP.CD,Argentina,ARG,8977.506851,8184.389889,10385.96443,12848.73915,13082.66433,13080.25473,12334.79825,13789.06042,12790.26414,14613.03565,11795.16275,9963.674162,8500.837939,10650.86046,13650.60463,13730.51471
GDP per capita (current US$),NY.GDP.PCAP.CD,Armenia,ARM,3908.94906,2917.366242,3143.02948,3462.681778,3643.715401,3833.157074,4017.229914,3666.141822,3679.952347,4041.995071,4391.92327,4828.504886,4505.867742,4972.783204,7018.051504,8715.765336
GDP per capita (current US$),NY.GDP.PCAP.CD,Aruba,ABW,29011.63906,25740.77023,24452.58874,26043.15633,25611.17577,26514.86898,26940.26411,28419.26453,28449.71295,29329.08175,30918.48358,31902.80982,24008.12782,29127.75938,33300.83882,..
GDP per capita (current US$),NY.GDP.PCAP.CD,Australia,AUS,49701.28178,42816.5674,52147.02419,62609.66072,68078.04423,68198.41934,62558.24388,56758.8692,49918.79393,53954.55349,57273.52048,55049.57192,51868.24756,60697.24544,65077.67667,64711.7656
GDP per capita (current US$),NY.GDP.PCAP.CD,Austria,AUT,51919.98358,48153.32402,46903.76159,51442.27625,48564.91734,50731.12725,51786.37717,44195.81759,45307.58786,47429.15846,51466.55656,50067.58573,48789.49785,53517.89045,52084.6812,56505.96828
GDP per capita (current US$),NY.GDP.PCAP.CD,Azerbaijan,AZE,5574.468104,4950.39949,5843.533768,7189.818692,7495.865277,7875.345367,7890.840281,5500.503646,3880.685228,4147.198142,4739.794312,4805.753718,4229.910649,5408.045352,7770.594223,7155.083604
GDP per capita (current US$),NY.GDP.PCAP.CD,"Bahamas, The",BHS,29013.63029,27120.69055,27046.65767,26644.92658,28059.6554,26956.56684,28201.5568,29722.40684,29661.14108,30666.88387,31389.927,32173.95818,24499.16476,27871.37233,32041.25039,34749.63829
GDP per capita (current US$),NY.GDP.PCAP.CD,Bahrain,BHR,23155.82145,19448.18326,21186.81433,23741.55746,25102.72635,25790.73031,25464.7601,22850.6654,22877.93518,24315.49759,25415.84662,25869.11291,23433.18724,26850.00339,30146.92503,29084.30713
GDP per capita (current US$),NY.GDP.PCAP.CD,Bangladesh,BGD,630.1483077,698.5030788,776.835744,856.1788328,876.5216529,973.8286176,1108.522513,1236.435456,1659.888173,1815.47222,1963.312441,2122.037652,2233.767282,2457.964466,2687.899063,2529.080127
GDP per capita (current US$),NY.GDP.PCAP.CD,Barbados,BRB,17570.78291,16314.66922,16507.43054,16924.06692,16736.92183,16952.13443,16980.02706,17040.41761,17398.98708,17910.7831,18335.95006,19156.03987,17028.41378,17586.33001,20738.45119,22672.61544
GDP per capita (current US$),NY.GDP.PCAP.CD,Belarus,BLR,6376.175692,5352.488092,6034.678852,6527.659343,6953.215917,7998.080205,8341.290143,5967.06856,5039.775609,5785.533977,6360.053101,6837.768321,6542.86454,7489.718947,7994.648061,7829.053137
GDP per capita (current US$),NY.GDP.PCAP.CD,Belgium,BEL,48303.39796,44760.29124,44184.94635,47410.56693,44670.56068,46757.95186,47764.07151,41008.29672,42012.62272,44198.48239,47544.98115,46641.7214,45587.96831,51863.83116,49942.09064,53475.2935
GDP per capita (current US$),NY.GDP.PCAP.CD,Belize,BLZ,5665.966232,5352.095987,5399.062096,5519.339008,5635.521526,5865.470902,6031.548402,6098.60008,6099.957102,6049.391948,6001.024262,6134.215233,5185.15807,6060.968223,6984.21696,7987.585955
GDP per capita (current US$),NY.GDP.PCAP.CD,Benin,BEN,1098.946679,1061.71836,1009.489495,1099.414311,1112.569536,1214.295565,1251.504765,1041.652523,1049.820304,1095.274458,1194.438215,1170.885995,1240.733155,1360.911474,1304.994797,1434.662834
GDP per capita (current US$),NY.GDP.PCAP.CD,Bermuda,BMU,106935.4863,101407.764,101875.2841,97774.16207,98431.86518,99471.6389,98467.68399,102005.6256,106885.8785,111820.5815,113050.7369,116153.1661,107791.8864,114274.622,123091.1235,..
GDP per capita (current US$),NY.GDP.PCAP.CD,Bhutan,BTN,1910.174218,1908.249648,2371.97209,2717.449948,2689.792866,2624.765194,2793.931303,2899.228294,3097.961234,3427.173845,3389.777303,3564.598771,3181.339747,3561.225287,3704.018395,..
GDP per capita (current US$),NY.GDP.PCAP.CD,Bolivia,BOL,1687.578497,1725.146286,1922.058571,2304.982462,2562.466784,2853.797162,3022.462884,2975.648811,3013.502707,3280.008214,3471.006951,3472.380831,3068.812555,3345.023002,3600.121635,3700.978338
GDP per capita (current US$),NY.GDP.PCAP.CD,Bosnia and Herzegovina,BIH,4846.790941,4542.311673,4506.932352,4980.904688,4688.345823,5025.241753,5196.970084,4654.60862,4917.263766,5327.392304,6024.49315,6094.724823,6095.104237,7237.274463,7587.588173,8426.09111
GDP per capita (current US$),NY.GDP.PCAP.CD,Botswana,BWA,5345.848752,4938.249906,6041.732051,7080.778643,6392.987347,6436.603319,6844.03325,5869.737579,6411.551862,6705.340846,6947.817841,6691.160846,5875.070435,7244.158548,7726.110997,7249.799326
GDP per capita (current US$),NY.GDP.PCAP.CD,Brazil,BRA,8801.757876,8569.902547,11249.29189,13200.55623,12327.5131,12258.56571,12071.40446,8783.215424,8680.736469,9896.718895,9121.020995,8845.324149,6923.699912,7794.880979,9065.497334,10043.62392
GDP per capita (current US$),NY.GDP.PCAP.CD,British Virgin Islands,VGB,..,..,..,..,..,..,..,..,..,..,..,..,..,..,..,..
GDP per capita (current US$),NY.GDP.PCAP.CD,Brunei Darussalam,BRN,37427.54006,27497.54687,34609.71198,46139.10758,46844.19734,43950.04546,41035.77712,30681.43397,26762.03504,28186.98674,31240.50179,30748.30924,27179.35289,31448.91275,37152.47697,33430.91848
GDP per capita (current US$),NY.GDP.PCAP.CD,Bulgaria,BGR,7271.303389,6988.273163,6863.667068,7857.16707,7430.73738,7687.713682,7912.274844,7078.860323,7570.931655,8381.881346,9447.655897,9874.336326,10148.3424,12219.34187,13974.44925,15797.59558
GDP per capita (current US$),NY.GDP.PCAP.CD,Burkina Faso,BFA,621.8902718,603.8775456,627.2703957,727.6124745,733.9728796,762.3037801,767.3713441,632.1266858,665.7863286,711.1845434,779.2027686,765.2295604,823.5524109,888.8036109,830.0439659,874.1212804
GDP per capita (current US$),NY.GDP.PCAP.CD,Burundi,BDI,194.7106346,204.5447556,222.6605832,236.4513475,238.2059453,241.5476657,257.8185574,289.3596272,242.5395273,244.1454222,232.0606166,216.9729709,216.8274175,221.1578034,259.0250314,199.5807602
GDP per capita (current US$),NY.GDP.PCAP.CD,Cabo Verde,CPV,3839.863636,3592.315879,3500.977468,3880.069205,3583.461725,3757.659953,3739.278279,3169.078901,3312.696745,3534.343575,3860.454808,3903.050317,3126.399859,3489.973397,3883.911159,4321.579864
GDP per capita (current US$),NY.GDP.PCAP.CD,Cambodia,KHM,742.3979723,734.8151187,782.6957386,880.3103044,950.4825446,1015.220881,1098.074538,1170.742816,1281.105971,1400.899265,1533.315985,1671.3854,1577.91174,1625.235021,1759.608023,1875.071482
GDP per capita (current US$),NY.GDP.PCAP.CD,Cameroon,CMR,1476.009078,1445.860248,1383.813864,1497.926586,1433.723927,1559.13905,1631.713985,1399.675336,1426.065481,1479.862223,1593.330753,1538.563063,1539.130545,1654.257037,1563.48894,1673.648889
GDP per capita (current US$),NY.GDP.PCAP.CD,Canada,CAN,46710.25269,40874.88319,47560.6666,52223.85884,52670.34473,52638.11872,50960.84312,43594.1941,42314.06158,45129.62812,46539.17616,46352.86934,43537.8393,52496.84417,55509.39318,53371.69743
GDP per capita (current US$),NY.GDP.PCAP.CD,Cayman Islands,CYM,89704.22255,81398.3236,76873.19532,75435.61523,75466.13587,75685.35837,76610.64797,77295.84566,78858.27966,81255.11227,85231.77515,89846.3211,84018.33258,88940.15659,96073.76359,..
GDP per capita (current US$),NY.GDP.PCAP.CD,Central African Republic,CAF,446.2287704,452.9222365,459.7769818,515.2095035,525.867504,352.2268549,394.856933,351.8797548,372.1354561,414.7403223,435.9322966,426.4087531,435.4692478,461.137511,427.0580962,445.028196
GDP per capita (current US$),NY.GDP.PCAP.CD,Chad,TCD,936.4941371,808.1615235,896.8767046,988.19416,969.6161428,980.0835444,1017.787762,774.4116031,691.9800774,662.897473,720.2651014,701.621201,643.7722157,685.690315,699.4632545,719.3848752
GDP per capita (current US$),NY.GDP.PCAP.CD,Channel Islands,CHI,..,..,..,..,..,..,..,..,55411.7048,54904.09967,59433.37324,58564.3501,54357.93445,64502.53118,64501.27424,..
GDP per capita (current US$),NY.GDP.PCAP.CD,Chile,CHL,10797.04737,10204.55885,12764.59312,14637.75616,15397.78045,15842.15917,14675.15086,13567.35722,13788.24001,15034.05844,15820.03337,14616.20725,13162.59135,16185.91477,15411.17395,17093.24197
GDP per capita (current US$),NY.GDP.PCAP.CD,China,CHN,3468.327063,3832.227457,4550.473944,5614.386022,6300.58218,7020.386074,7636.07434,8016.445595,8094.390167,8817.045608,9905.406383,10143.86022,10408.71955,12617.5051,12662.58317,12614.06099
GDP per capita (current US$),NY.GDP.PCAP.CD,Colombia,COL,5534.689447,5245.951585,6392.758026,7392.943598,8096.801508,8263.641929,8167.472842,6228.651621,5936.261022,6449.970988,6782.03792,6436.509215,5308.164707,6182.955944,6657.086697,6979.725135
GDP per capita (current US$),NY.GDP.PCAP.CD,Comoros,COM,1454.650909,1409.106672,1384.063283,1526.832639,1483.951558,1595.989818,1608.687877,1322.936776,1357.26623,1414.58669,1531.33781,1510.797324,1519.586781,1577.470841,1484.892465,1587.161896
GDP per capita (current US$),NY.GDP.PCAP.CD,"Congo, Dem. Rep.",COD,317.8892101,290.1556751,324.8277261,376.3749811,412.7762605,444.8643576,472.2662357,482.0645686,456.0279506,451.0890885,546.2125932,575.8827814,524.6666862,576.9747294,664.5935433,649.1439879
GDP per capita (current US$),NY.GDP.PCAP.CD,"Congo, Rep.",COG,2848.653163,2283.949872,2962.762481,3415.062374,3753.860928,3719.651036,3623.827057,2455.340858,2107.518618,2227.732609,2715.260418,2508.940444,2011.28344,2540.470024,2649.230634,2508.823395
GDP per capita (current US$),NY.GDP.PCAP.CD,Costa Rica,CRI,6841.91146,6737.860751,8147.243985,9137.455101,9971.651656,10633.26655,10737.67888,11529.95517,11899.81398,12118.13362,12383.14995,12669.34115,12179.25667,12604.04884,13365.3564,16595.37038
GDP per capita (current US$),NY.GDP.PCAP.CD,Cote d'Ivoire,CIV,1683.337506,1638.804685,1654.177959,1701.70464,1649.301616,1903.054229,2124.01943,1941.581898,1999.195372,2113.341524,2295.540336,2309.313583,2350.751397,2649.173048,2491.895934,2728.803246
GDP per capita (current US$),NY.GDP.PCAP.CD,Croatia,HRV,15900.46936,14422.91986,13697.4522,14664.36908,13452.9759,14002.2381,14035.85974,12135.10362,12634.31957,13655.47982,15132.9554,15218.5258,14383.8695,17943.41513,18673.17799,21459.78478
GDP per capita (current US$),NY.GDP.PCAP.CD,Cuba,CUB,4992.824494,5094.437562,5275.532601,6106.006792,6467.337914,6814.243844,7117.535735,7683.740254,8055.925868,8543.330067,8831.910409,9139.38051,9499.572504,..,..,..
GDP per capita (current US$),NY.GDP.PCAP.CD,Curacao,CUW,..,..,..,19426.32638,19809.82232,19721.29216,19623.02999,19361.813,18944.09615,18938.24405,19119.12439,19220.6867,16356.09336,17980.08869,20492.81531,..
GDP per capita (current US$),NY.GDP.PCAP.CD,Cyprus,CYP,35397.36328,32236.53516,31105.02734,32485.80273,28991.92969,27797.45313,27244.34375,23487.21875,24715.14258,26697.00586,29419.88672,29419.99219,28281.41211,32745.83984,32048.24805,34701.44141
GDP per capita (current US$),NY.GDP.PCAP.CD,Czechia,CZE,22804.57768,19861.69743,19960.06849,21871.26608,19870.80121,20133.16914,19890.91991,17829.69832,18575.23203,20636.19995,23424.48046,23664.84786,22992.87938,26822.51419,27226.61564,30427.42347
GDP per capita (current US$),NY.GDP.PCAP.CD,Denmark,DNK,64322.0635,58163.27688,58041.39844,61753.64713,58507.50805,61191.1937,62548.98473,53254.85637,54663.99837,57610.09818,61591.92887,59592.98069,60836.59241,69268.6518,67790.05399,67967.38187
GDP per capita (current US$),NY.GDP.PCAP.CD,Djibouti,DJI,1131.635726,1164.251683,1227.820853,1322.726251,1418.460858,2102.197948,2239.114538,2409.311902,2545.738799,2655.73322,2755.838293,2876.043664,2921.738706,3062.551482,3278.138696,3606.416896
GDP per capita (current US$),NY.GDP.PCAP.CD,Dominica,DMA,6661.465047,7109.978253,7182.400203,7288.497948,7054.875977,7240.679119,7502.12091,7724.042411,8223.04145,7408.091301,7833.195013,8561.587011,7003.469891,7668.158132,8347.32336,8953.896394
GDP per capita (current US$),NY.GDP.PCAP.CD,Dominican Republic,DOM,5053.330285,5002.15317,5509.568034,5859.381524,6049.471587,6171.295127,6533.670911,6838.936746,7191.069703,7513.497982,7947.159331,8173.344699,7167.914974,8476.749639,10111.24571,10716.01336
GDP per capita (current US$),NY.GDP.PCAP.CD,Ecuador,ECU,4217.444584,4076.234948,4546.578775,5183.6237,5666.217447,6141.983181,6436.761037,6002.108311,5941.234709,6256.683019,6316.468841,6203.727051,5450.433761,6036.447274,6476.644575,6533.351504
GDP per capita (current US$),NY.GDP.PCAP.CD,"Egypt, Arab Rep.",EGY,1941.899973,2212.218148,2509.772034,2645.622535,3059.135428,3088.890834,3196.861381,3370.382447,3331.612461,2439.967284,2531.200079,3017.258336,3571.556907,3886.722498,4295.407496,3512.580065
GDP per capita (current US$),NY.GDP.PCAP.CD,El Salvador,SLV,2964.17214,2889.685887,3017.307395,3304.974183,3471.051269,3555.1621,3638.517658,3761.51368,3870.312982,3986.049014,4145.862351,4280.288404,3960.313892,4599.678786,5048.443973,5344.214394
GDP per capita (current US$),NY.GDP.PCAP.CD,Equatorial Guinea,GNQ,19849.71777,14398.77049,14905.51458,18659.41602,18756.42503,17644.5943,16804.92493,9788.983804,8035.307666,8410.397974,8719.186876,7317.390026,6198.942519,7473.926061,8052.256529,7066.616593
GDP per capita (current US$),NY.GDP.PCAP.CD,Eritrea,ERI,459.1784027,602.0632238,504.9724602,643.7900423,..,..,..,..,..,..,..,..,..,..,..,..
GDP per capita (current US$),NY.GDP.PCAP.CD,Estonia,EST,18204.96648,14711.73527,14663.04461,17487.80478,17403.20533,19056.00192,20261.06673,17402.03761,18295.34293,20437.76538,23165.84948,23581.65684,23565.17594,27698.47935,28114.14318,29823.74961
GDP per capita (current US$),NY.GDP.PCAP.CD,Ethiopia,ETH,320.8610897,373.8939587,335.4384953,348.0013483,458.5509208,490.7924784,557.5341484,630.3126194,705.6175085,755.7526443,758.2976945,840.4496013,918.6525941,925.0006976,1027.498631,1293.778008
GDP per capita (current US$),NY.GDP.PCAP.CD,Faroe Islands,FRO,51431.9731,47410.95563,48167.66751,51786.48099,50157.05879,55560.13303,60126.12564,52726.68738,56833.91654,59328.23766,62576.80164,63203.74478,62234.96868,69108.20658,66979.27732,..
GDP per capita (current US$),NY.GDP.PCAP.CD,Fiji,FJI,3928.921739,3184.689123,3469.149643,4160.721193,4359.7924,4586.955211,5305.064407,5105.189592,5368.433503,5825.199669,6073.394582,5927.72419,4815.689129,4656.051362,5356.16438,5868.159168
GDP per capita (current US$),NY.GDP.PCAP.CD,Finland,FIN,53772.79424,47481.48454,46505.30318,51148.93164,47708.06128,49892.22336,50327.24029,42801.90812,43814.02651,46412.13648,49987.62616,48629.85823,49169.71934,53504.69365,50734.71075,53755.91174
GDP per capita (current US$),NY.GDP.PCAP.CD,France,FRA,45515.96175,41737.76355,40676.06479,43846.46608,40870.85236,42602.71797,43068.54872,36652.92231,37062.53357,38781.04949,41557.85486,40494.89829,39179.74426,43671.30841,40886.25327,44460.81785
GDP per capita (current US$),NY.GDP.PCAP.CD,French Polynesia,PYF,25437.66858,23326.08756,21447.85826,21747.98884,19864.5357,20941.51734,21223.07549,18252.5142,18726.63947,19743.95902,20614.89437,20093.20858,19185.69777,20230.24105,18984.8511,..
GDP per capita (current US$),NY.GDP.PCAP.CD,Gabon,GAB,9732.226533,7325.909513,8399.597348,10273.79844,9348.514876,9250.081115,9255.368035,7090.454634,6722.198223,6975.695192,7694.906045,7523.862278,6680.08267,8635.797144,8820.347338,8420.102057
GDP per capita (current US$),NY.GDP.PCAP.CD,"Gambia, The",GMB,857.8582399,772.1249338,796.6318292,705.4774953,686.5575577,647.3855346,561.6496346,611.6712191,640.6762653,632.0010242,683.3246328,722.8753563,704.0304628,762.9632317,803.808655,843.7657426
GDP per capita (current US$),NY.GDP.PCAP.CD,Georgia,GEO,3324.753721,2822.689397,3281.729309,4119.668183,4530.695334,4712.002294,4830.334862,4086.622347,4143.401257,4418.752065,4804.054604,4741.283272,4300.857013,5083.606955,6729.846599,8120.363443
GDP per capita (current US$),NY.GDP.PCAP.CD,Germany,DEU,45612.71062,41650.36783,41572.45595,46705.8958,43855.85447,46298.92292,48023.86998,41103.25644,42136.12079,44652.58917,47939.27829,46805.13843,46749.47623,51426.75037,48717.99114,52745.75571
GDP per capita (current US$),NY.GDP.PCAP.CD,Ghana,GHA,1178.955877,1044.004989,1258.964197,1501.059171,1536.619635,2282.407501,1942.921842,1711.271326,1900.397695,1998.722798,2180.029713,2167.925276,2176.576218,2422.085913,2218.414758,2238.158021
GDP per capita (current US$),NY.GDP.PCAP.CD,Gibraltar,GIB,..,..,..,..,..,..,..,..,..,..,..,..,..,..,..,..
GDP per capita (current US$),NY.GDP.PCAP.CD,Greece,GRC,32127.98319,29828.75602,26716.64883,25483.88256,21912.99829,21787.78776,21616.71001,18083.87791,17923.96681,18582.08934,19756.99046,19143.88762,17617.29151,20310.68248,20867.26909,22990.01357
GDP per capita (current US$),NY.GDP.PCAP.CD,Greenland,GRL,44366.78587,44918.84138,43988.52803,47186.876,45936.95628,47535.48838,50485.22441,44536.35497,48181.74535,50765.74947,54545.13586,53309.20359,54693.07668,57116.29577,..,..
GDP per capita (current US$),NY.GDP.PCAP.CD,Grenada,GRD,7343.44527,6810.440318,6760.974884,6775.749278,6900.765076,7205.254765,7726.378262,8379.621847,8849.513535,9309.261296,9574.310271,9887.920742,8437.536782,9010.5128,9762.414721,10463.64594
GDP per capita (current US$),NY.GDP.PCAP.CD,Guam,GUM,28277.43208,29335.27768,30011.21858,30087.71559,31642.14626,32318.8909,33483.94144,34522.37793,35052.80791,35663.02504,35873.08363,37687.39918,34958.13415,36555.76014,40227.27537,..
GDP per capita (current US$),NY.GDP.PCAP.CD,Guatemala,GTM,2802.451582,2651.831744,2852.557593,3228.038278,3355.034777,3522.767429,3779.626205,3994.629085,4173.281349,4454.024509,4485.752135,4647.807541,4609.897258,5029.477555,5473.208564,5797.521596
GDP per capita (current US$),NY.GDP.PCAP.CD,Guinea,GIN,712.0994161,670.2612536,667.2816019,644.5025487,707.9676782,757.6922726,774.5690396,756.4255898,720.4732552,843.4642792,944.4172687,1043.899886,1073.659339,1189.175999,1515.167948,1663.937807
GDP per capita (current US$),NY.GDP.PCAP.CD,Guinea-Bissau,GNB,640.0481742,582.8772688,599.8599679,719.1187658,634.9618096,653.6185323,651.2045317,644.1790639,678.6802795,781.9758883,807.3610001,754.3816394,754.270694,836.8700248,814.1119901,914.2751538
GDP per capita (current US$),NY.GDP.PCAP.CD,Guyana,GUY,4011.386904,4213.816229,4589.872498,4960.004726,5461.390085,5576.250206,5495.377075,5668.429765,5905.380196,6220.978568,6094.909827,6477.296726,6863.074346,9994.645704,18199.47484,20626.19915
GDP per capita (current US$),NY.GDP.PCAP.CD,Haiti,HTI,1089.576346,1191.802925,1204.862065,1306.845319,1356.172784,1452.313559,1454.64916,1405.714776,1313.186095,1389.358625,1489.578415,1345.475055,1283.141228,1823.742224,1748.257135,1693.068743
GDP per capita (current US$),NY.GDP.PCAP.CD,Honduras,HND,1713.418164,1762.34916,1874.271704,2053.959695,2107.345428,2064.550536,2164.42455,2257.225284,2295.53627,2403.306088,2457.686042,2498.509186,2307.13093,2738.21627,3012.217341,3247.231055
GDP per capita (current US$),NY.GDP.PCAP.CD,"Hong Kong SAR, China",HKG,31515.52921,30697.53839,32550.13649,35142.48793,36730.7962,38403.77771,40315.37395,42432.16197,43734.19807,46160.42979,48537.56689,48359.0012,46109.22999,49770.56424,48828.12125,50696.59032
GDP per capita (current US$),NY.GDP.PCAP.CD,Hungary,HUN,15772.33008,13077.30547,13217.5046,14234.47158,12984.83657,13715.07036,14294.25842,12717.0386,13104.69955,14621.2396,16425.20503,16786.21364,16131.95404,18755.10235,18355.82781,22147.20973
GDP per capita (current US$),NY.GDP.PCAP.CD,Iceland,ISL,56943.37045,41301.27322,43237.07295,47714.59223,45995.54788,49804.983,54576.74481,52951.68151,61987.92636,72010.14903,74452.18907,68452.23622,59023.56635,69252.31124,75135.09161,78811.05839
GDP per capita (current US$),NY.GDP.PCAP.CD,India,IND,993.5034053,1096.636136,1350.63447,1449.603301,1434.017987,1438.057005,1559.863779,1590.174331,1714.279537,1957.969813,1974.377731,2050.1638,1915.551588,2250.179018,2366.309609,2484.845429
GDP per capita (current US$),NY.GDP.PCAP.CD,Indonesia,IDN,2144.389544,2239.095265,3094.443079,3613.800888,3668.212083,3602.885517,3476.624854,3322.581679,3558.818852,3839.785075,3902.661676,4151.227554,3895.618152,4334.231454,4787.912364,4940.549805
GDP per capita (current US$),NY.GDP.PCAP.CD,"Iran, Islamic Rep.",IRN,5623.911681,5602.556282,6458.573956,8201.581678,8329.002067,6280.681867,5757.543333,4990.936795,5497.243233,5758.590728,3850.751253,3276.753265,2746.419483,4084.200305,4668.457443,4502.546329
GDP per capita (current US$),NY.GDP.PCAP.CD,Iraq,IRQ,4504.508109,3686.402089,4430.426242,5736.898959,6437.502911,6612.902252,6215.986033,4416.942924,4308.848089,4725.193573,5601.467061,5621.181695,4250.742908,4816.784834,6441.917365,5512.47572
GDP per capita (current US$),NY.GDP.PCAP.CD,Ireland,IRL,61353.10656,52133.09062,48663.60044,52219.70573,48943.82065,51496.96169,55752.76498,62179.26427,62784.06569,70150.73702,79446.93911,80848.3019,85973.08849,102001.7982,103983.2913,103684.8808
GDP per capita (current US$),NY.GDP.PCAP.CD,Isle of Man,IMN,72304.98074,66175.25474,70625.20625,77838.37644,79326.3816,83204.69223,91881.07195,84753.51874,82041.67241,83510.2696,89425.83654,87152.46526,79530.56232,94124.26833,..,..
GDP per capita (current US$),NY.GDP.PCAP.CD,Israel,ISR,30173.36159,28317.04084,31266.60532,34354.71612,33156.22832,36941.84236,38259.6811,36206.52222,37690.47395,41114.78171,42406.84543,44452.23256,44846.7916,52129.51596,54930.93881,52261.67615
GDP per capita (current US$),NY.GDP.PCAP.CD,Italy,ITA,40944.91242,37226.75719,36035.645,38649.63948,35051.52127,35560.08141,35565.72138,30242.38614,30960.73151,32406.72032,34622.16967,33673.75096,31922.91916,36441.0598,35068.83597,38373.16605
GDP per capita (current US$),NY.GDP.PCAP.CD,Jamaica,JAM,5056.258036,4452.120799,4835.791087,5259.931753,5365.242172,5143.722183,4991.561517,5077.550969,5022.700178,5273.149013,5594.493587,5626.170459,4897.264762,5183.58103,6047.216444,6874.200284
GDP per capita (current US$),NY.GDP.PCAP.CD,Japan,JPN,39876.30397,41308.99684,44968.15623,48760.07895,49145.28043,40898.6479,38475.39525,34960.63938,39375.47316,38834.05293,39751.1331,40415.95676,40040.76551,40058.53733,34017.27181,33834.39211
GDP per capita (current US$),NY.GDP.PCAP.CD,Jordan,JOR,3416.123901,3618.892617,3914.701231,4152.493981,4386.461819,4477.618321,4255.894302,4064.25301,4003.404746,4073.116403,4146.407311,4159.653754,3998.673138,4152.757954,4311.000051,4482.086026
GDP per capita (current US$),NY.GDP.PCAP.CD,Kazakhstan,KAZ,8458.019475,7165.224778,9070.488253,11633.99858,12386.69927,13890.63397,12807.26305,10510.77032,7714.841844,9247.580679,9812.625431,9812.595526,9121.636409,10270.88734,11484.41681,13136.62291
GDP per capita (current US$),NY.GDP.PCAP.CD,Kenya,KEN,915.9989157,1049.121794,1093.639624,1099.315465,1289.780791,1376.829205,1489.919721,1496.653573,1562.076619,1675.988422,1845.783414,1970.08007,1936.250755,2069.661129,2099.298568,1949.898969
GDP per capita (current US$),NY.GDP.PCAP.CD,Kiribati,KIR,1411.905436,1324.436015,1528.899757,1783.771764,1855.274214,1780.657028,1740.356052,1641.480977,1743.762868,1852.992344,1912.786826,1745.732415,1763.155071,2244.110731,2061.393041,2089.910161
GDP per capita (current US$),NY.GDP.PCAP.CD,"Korea, Dem. People's Rep.",PRK,..,..,..,..,..,..,..,..,..,..,..,..,..,..,..,..
GDP per capita (current US$),NY.GDP.PCAP.CD,"Korea, Rep.",KOR,21350.42798,19143.85161,23079.26013,25097.59543,25459.1689,27179.51701,29252.93124,28737.43917,29280.44032,31600.73587,33447.15628,31902.4169,31721.29891,35125.5225,32394.68337,33121.37129
GDP per capita (current US$),NY.GDP.PCAP.CD,Kosovo,XKX,2873.385256,2790.536618,2981.178657,3524.414874,3410.693255,3704.562803,3902.530841,3520.782075,3759.472855,4009.353811,4384.18868,4416.029253,4310.934002,5270.55064,5290.977397,5943.125714
GDP per capita (current US$),NY.GDP.PCAP.CD,Kuwait,KWT,55595.48431,37906.20519,39212.46538,48997.39372,51270.97906,47762.8567,43239.88266,29315.1931,27026.77293,29258.2663,32012.18756,31230.17295,24656.43371,33358.46315,42823.82783,37533.21772
GDP per capita (current US$),NY.GDP.PCAP.CD,Kyrgyz Republic,KGZ,966.3938386,871.2242269,880.0385218,1123.883144,1177.975261,1282.438248,1279.770784,1121.082696,1120.667058,1242.77022,1308.139785,1451.515638,1256.929226,1365.508304,1739.8,1969.866481
GDP per capita (current US$),NY.GDP.PCAP.CD,Lao PDR,LAO,887.6395925,936.7901934,1127.834822,1363.724856,1566.009348,1815.440238,1984.508283,2125.458901,2309.049998,2439.462412,2553.360418,2598.505795,2593.355718,2535.623434,2054.430781,2075.401414
GDP per capita (current US$),NY.GDP.PCAP.CD,Latvia,LVA,16467.14369,12331.92855,11420.994,13338.96224,13847.33794,15007.49186,15742.39134,13786.4568,14331.75159,15695.11515,17865.03109,17883.34941,18096.20271,20930.39824,21508.40033,23184.31167
GDP per capita (current US$),NY.GDP.PCAP.CD,Lebanon,LBN,5957.696754,7149.791498,7695.245415,7914.109568,8500.180563,8255.209211,7665.379692,7802.751368,8172.299476,8679.897422,9225.845155,8925.42186,5599.957523,4136.146575,3823.938069,..
GDP per capita (current US$),NY.GDP.PCAP.CD,Lesotho,LSO,885.6593032,866.4751272,1104.811547,1265.857945,1205.859985,1141.360923,1165.05065,1113.836835,986.2652498,1062.712433,1162.978854,1074.134047,910.9349475,1054.93274,992.8573285,878.0085055
GDP per capita (current US$),NY.GDP.PCAP.CD,Liberia,LBR,456.1446999,452.7452289,497.0203654,573.5264222,644.4555767,717.6357533,713.7348824,699.6629469,722.1312268,706.892692,700.0370394,665.8784476,624.28971,676.442927,754.5328486,799.5014005
GDP per capita (current US$),NY.GDP.PCAP.CD,Libya,LBY,13921.90371,9560.807534,11611.36235,7784.136359,15765.41527,12589.52794,9408.753043,7867.514931,7945.004215,10529.11635,11838.29582,10972.90252,9872.111144,7094.99982,8211.380948,7329.976541
GDP per capita (current US$),NY.GDP.PCAP.CD,Liechtenstein,LIE,143540.5734,126261.3973,141466.8273,158603.609,149461.7856,173659.4118,179467.5162,167809.2699,165845.9952,170875.6821,175286.679,167259.1603,165287.1868,197504.5489,187267.1324,..
GDP per capita (current US$),NY.GDP.PCAP.CD,Lithuania,LTU,14944.99665,11820.77616,11987.50841,14376.94786,14367.70942,15729.65247,16551.0182,14263.96458,15008.31324,16885.40739,19186.35959,19615.54915,20381.85578,23849.6157,25078.74537,27102.78153
GDP per capita (current US$),NY.GDP.PCAP.CD,Luxembourg,LUX,120422.1379,109419.747,110885.9914,119025.0572,112584.6763,120000.1407,123678.7021,105462.0126,106899.2935,110193.2138,116786.5117,112726.4397,116905.3704,133711.7944,125006.0218,128259.4026
GDP per capita (current US$),NY.GDP.PCAP.CD,"Macao SAR, China",MAC,39745.7618,39754.97615,50676.38708,64528.36282,74111.60119,86853.47705,90873.60249,73220.63556,71919.05492,78896.27475,84779.45369,82998.6361,37474.73459,45104.89218,35192.52784,66835.06433
GDP per capita (current US$),NY.GDP.PCAP.CD,North Macedonia,MKD,5026.420299,4799.787228,4833.365868,5416.866729,5049.826539,5626.261157,5925.385922,5262.686719,5598.486226,5955.297386,6713.989254,6718.858266,6659.596511,7620.80297,7485.603458,8146.467975
GDP per capita (current US$),NY.GDP.PCAP.CD,Madagascar,MDG,522.830622,455.4073738,459.375408,516.9025393,504.1737377,526.6880196,517.1361831,455.6380346,464.6161584,503.4980587,512.5439915,512.2796656,462.4042288,503.3520812,516.772197,528.6501548
GDP per capita (current US$),NY.GDP.PCAP.CD,Malawi,MWI,557.5190094,630.1091541,688.1391912,769.0525992,563.0615397,501.197173,534.1269771,544.2768727,454.4432661,500.1655472,537.9322041,587.1154647,621.4177725,632.5331926,643.4331957,672.8697022
GDP per capita (current US$),NY.GDP.PCAP.CD,Malaysia,MYS,8343.303382,7167.877194,8880.145805,10209.37194,10601.51046,10727.66902,11045.58012,9699.600463,9555.669593,9979.704473,11073.97897,11132.10274,10164.34443,11134.62295,11993.18761,11648.67416
GDP per capita (current US$),NY.GDP.PCAP.CD,Maldives,MDV,6743.130961,6719.330257,7158.061411,7409.331909,7447.415608,8222.558038,8872.128386,9480.431513,9708.141349,10194.74614,11034.7236,11349.85927,7216.816377,10076.31753,11780.81691,12667.43567
GDP per capita (current US$),NY.GDP.PCAP.CD,Mali,MLI,676.1270011,680.6499586,688.3278659,810.182556,753.3921375,778.7970528,818.4303414,723.5042049,750.0518091,795.6828016,856.3565966,840.1757464,822.9061368,881.5100887,831.2234666,897.4486703
GDP per capita (current US$),NY.GDP.PCAP.CD,Malta,MLT,22205.35677,21083.27705,21798.91429,23155.10353,22526.53702,24769.59623,26753.27338,24921.71418,25623.94163,28813.18534,31785.88483,31751.18118,29592.57148,34951.70817,34563.39663,37882.26519
GDP per capita (current US$),NY.GDP.PCAP.CD,Marshall Islands,MHL,2716.815824,2815.413568,3007.142366,3247.899981,3453.864304,3618.496195,3678.105394,3708.215562,4156.939127,4512.592763,4771.359204,5186.833842,5545.600267,6130.437137,6225.179222,6762.548814
GDP per capita (current US$),NY.GDP.PCAP.CD,Mauritania,MRT,1610.236979,1418.940843,1646.130428,1919.452271,1850.384968,1929.775639,1715.388838,1562.726836,1579.200717,1634.642158,1749.954236,1800.875187,1836.292411,1998.394003,2057.380392,2149.414087
GDP per capita (current US$),NY.GDP.PCAP.CD,Mauritius,MUS,8030.052281,7318.12641,8000.376432,9197.042991,9291.236276,9764.644131,10366.35508,9507.871337,9965.725311,10841.68478,11643.4606,11403.25279,9011.042884,9068.97293,10239.79705,11416.85899
GDP per capita (current US$),NY.GDP.PCAP.CD,Mexico,MEX,10589.95187,8495.65308,9823.164075,10766.60994,10842.73309,11317.49106,11490.02169,10098.17318,9152.737224,9693.330091,10130.3207,10434.56762,8895.615216,10363.19272,11476.67881,13926.11362
GDP per capita (current US$),NY.GDP.PCAP.CD,"Micronesia, Fed. Sts.",FSM,2420.749006,2598.403604,2760.01134,2885.441249,3023.585446,2920.700863,2928.448782,2891.322103,2956.561292,3250.92819,3533.791885,3537.471157,3318.288049,3447.33097,3766.511335,3992.223842
GDP per capita (current US$),NY.GDP.PCAP.CD,Moldova,MDA,2110.553054,1898.439757,2436.799351,2941.362241,3044.808432,3321.043978,3289.957586,2749.551371,2847.087948,3453.267277,4156.44982,4405.334182,4375.778893,5274.605822,5715.280221,6650.647957
GDP per capita (current US$),NY.GDP.PCAP.CD,Monaco,MCO,204097.114,168957.1079,161780.7454,179369.2682,165497.0978,185055.5176,195772.7243,170338.6804,174412.4945,173611.6879,193968.0901,199382.8386,182537.3874,235132.7842,240862.1824,..
GDP per capita (current US$),NY.GDP.PCAP.CD,Mongolia,MNG,2134.949832,1718.914022,2660.288175,3793.743655,4402.304523,4422.300876,4211.939436,3919.351213,3690.756778,3708.248221,4165.022821,4394.94715,4041.174146,4566.14013,5045.504726,5764.802813
GDP per capita (current US$),NY.GDP.PCAP.CD,Montenegro,MNE,7367.751909,6727.107767,6688.402596,7328.789431,6586.399703,7188.863616,7387.872969,6517.192675,7033.439624,7803.358245,8850.374925,8909.653876,7677.371321,9465.96153,10093.4387,12016.90742
GDP per capita (current US$),NY.GDP.PCAP.CD,Morocco,MAR,3180.170654,3118.141602,3067.851807,3302.453125,3164.004639,3377.643555,3430.534424,3139.228271,3132.952148,3288.502686,3492.672607,3498.582764,3258.269043,3767.524902,3441.991455,3672.112305
GDP per capita (current US$),NY.GDP.PCAP.CD,Mozambique,MOZ,591.4398376,546.6007325,494.584022,615.2786598,681.4921286,681.0651142,690.4432181,603.8385138,435.760991,464.2947213,510.3800064,512.2157569,456.5819184,504.0377587,558.2985925,608.4427076
GDP per capita (current US$),NY.GDP.PCAP.CD,Myanmar,MMR,653.8660002,752.9440359,1003.033455,1204.496472,1193.547649,1189.964765,1283.106492,1157.783961,1219.801439,1263.246055,1288.506778,1415.248986,1478.872786,1233.22777,1149.018961,1187.567064
GDP per capita (current US$),NY.GDP.PCAP.CD,Namibia,NAM,4222.326189,4322.629266,5445.420063,5873.059381,6017.178365,5463.031366,5544.104068,4965.672765,4614.892075,5453.570623,5687.381043,5126.176143,4252.04172,4901.875889,4895.680661,4742.783827
GDP per capita (current US$),NY.GDP.PCAP.CD,Nauru,NRU,3671.020671,4317.037579,4644.355494,6328.102672,9675.959685,8825.978581,9063.00223,7587.25441,8528.630151,9361.037397,10985.8744,10316.52782,10124.70062,14018.88584,12142.76993,12060.07811
GDP per capita (current US$),NY.GDP.PCAP.CD,Nepal,NPL,466.6933791,475.6359761,589.1654349,791.2255821,794.0925641,809.3844533,827.7447084,882.3076616,880.2248936,1027.965477,1161.534352,1185.682318,1139.189895,1229.394204,1348.15719,1324.031984
GDP per capita (current US$),NY.GDP.PCAP.CD,Netherlands,NLD,57879.94376,52722.21306,50999.74512,54230.3129,50070.1416,52198.89756,52900.53742,45193.40322,46039.10593,48675.22234,53044.53244,52476.27325,52162.57012,58727.87055,57025.01246,62536.73203
GDP per capita (current US$),NY.GDP.PCAP.CD,New Caledonia,NCL,37353.73743,35391.08803,37494.8952,40697.65286,37294.02285,38503.25406,39675.56648,32428.57223,32286.9105,33876.32909,36495.19594,34934.57943,34877.63563,37247.49312,35745.84892,..
GDP per capita (current US$),NY.GDP.PCAP.CD,New Zealand,NZL,31252.96256,28209.36233,33676.77412,38388.52809,39974.29973,42977.38804,44578.22539,38639.35019,40070.89566,42913.18696,43228.69765,42747.20993,41785.69229,49624.18167,48216.50958,48527.82892
GDP per capita (current US$),NY.GDP.PCAP.CD,Nicaragua,NIC,1493.904544,1438.086823,1495.72919,1644.799354,1746.418584,1794.779965,1913.521348,2025.324776,2079.453735,2127.28572,1981.85912,1905.640917,1877.108555,2064.664619,2252.310206,2530.291072
GDP per capita (current US$),NY.GDP.PCAP.CD,Niger,NER,472.1784274,458.4218902,471.612688,507.6024953,525.0472849,548.1578488,560.7544752,481.1113011,497.0361208,514.543398,568.5996597,549.8161278,564.8416623,590.6294948,588.8990483,618.287229
GDP per capita (current US$),NY.GDP.PCAP.CD,Nigeria,NGA,2227.790349,1883.887783,2280.111289,2504.879101,2728.022788,2976.756832,3200.952799,2679.554223,2144.780344,1941.879479,2125.834491,2334.023642,2074.613748,2065.77441,2162.633732,1621.123515
GDP per capita (current US$),NY.GDP.PCAP.CD,Northern Mariana Islands,MNP,15641.65778,13933.67919,14772.49616,13880.4265,14247.7893,14806.00679,16044.43073,17665.10075,24054.91561,30751.64107,25862.75445,23687.27185,17302.92214,..,..,..
GDP per capita (current US$),NY.GDP.PCAP.CD,Norway,NOR,97503.54078,80347.57007,88163.20859,101221.8135,102175.9193,103553.8401,97666.69518,74809.9658,70867.361,76131.8384,82792.84271,76430.58895,68340.0181,93072.89251,108798.4512,87961.78061
GDP per capita (current US$),NY.GDP.PCAP.CD,Oman,OMN,22974.27735,17937.97957,22552.19901,24166.09631,24722.63882,23563.9406,23121.20638,18777.43306,17082.2062,17802.57512,19887.57431,19132.15227,16707.62301,19509.46646,25056.79486,23295.32996
GDP per capita (current US$),NY.GDP.PCAP.CD,Pakistan,PAK,1087.514777,985.3493008,1011.59718,1161.044321,1236.892763,1259.668368,1303.18537,1421.835278,1468.822082,1567.640612,1620.742591,1437.165833,1322.314785,1506.108293,1589.26398,1407.021351
GDP per capita (current US$),NY.GDP.PCAP.CD,Palau,PLW,10531.21888,10092.31838,10149.63704,10903.17525,12022.86806,12595.6286,13808.22749,16141.16966,17142.12925,16389.85054,16130.82066,15730.55955,14532.55832,12752.8953,13421.97229,14565.33025
GDP per capita (current US$),NY.GDP.PCAP.CD,Panama,PAN,7197.110786,7618.438459,8124.558307,9403.439908,10767.29318,11932.28622,12837.24796,13669.55944,14382.23238,15185.97248,16156.07429,16472.83175,13293.3332,15491.2898,17357.62863,18661.76733
GDP per capita (current US$),NY.GDP.PCAP.CD,Papua New Guinea,PNG,1635.039566,1578.968628,1879.240559,2303.826611,2653.09279,2578.498647,2742.25005,2502.073445,2332.675888,2495.140773,2584.327802,2593.775554,2446.084687,2624.60411,3115.922923,2994.453327
GDP per capita (current US$),NY.GDP.PCAP.CD,Paraguay,PRY,4360.429109,3920.186071,4725.726341,5776.281848,5617.104918,6410.814703,6629.416993,5861.401895,5759.042198,6136.058301,6242.961454,5807.838794,5353.348065,5959.441794,6187.06603,6260.455191
GDP per capita (current US$),NY.GDP.PCAP.CD,Peru,PER,4184.885982,4164.970483,5047.204643,5826.832307,6475.720443,6697.187747,6614.83082,6180.119268,6163.860425,6676.308793,6912.103988,6956.495749,6047.475464,6713.662054,7239.111311,7789.870975
GDP per capita (current US$),NY.GDP.PCAP.CD,Philippines,PHL,1990.356129,1893.281641,2201.776828,2431.199961,2671.777522,2847.567943,2935.928598,2974.296917,3038.152037,3077.434419,3194.672701,3413.849044,3224.422811,3460.539382,3499.10728,3725.551205
GDP per capita (current US$),NY.GDP.PCAP.CD,Poland,POL,13995.78116,11525.90074,12504.25019,13776.38836,13010.75559,13558.34113,14181.94868,12560.05142,12378.81281,13815.50116,15504.50751,15700.01358,15816.81905,18050.27789,18732.49773,22112.86157
GDP per capita (current US$),NY.GDP.PCAP.CD,Portugal,PRT,24949.04136,23151.21541,22520.64231,23217.2955,20563.7136,21653.19598,22103.70097,19250.10654,19991.97249,21490.42986,23562.55452,23330.81729,22242.40642,24661.16649,24515.26575,27275.11155
GDP per capita (current US$),NY.GDP.PCAP.CD,Puerto Rico,PRI,24898.33459,25768.72589,26435.74879,27278.88305,27944.73389,28513.16574,28981.45733,29763.4883,30627.1634,31108.75275,31615.06679,32916.8668,31427.42911,32619.25042,35268.0791,36779.05949
GDP per capita (current US$),NY.GDP.PCAP.CD,Qatar,QAT,79811.59774,60733.9817,73021.30975,92992.99713,98041.36224,97630.82552,93126.14946,66984.9102,58467.23557,59407.69805,66264.08117,62827.39696,52315.66008,66858.74172,87480.41971,..
GDP per capita (current US$),NY.GDP.PCAP.CD,Romania,ROU,10435.21798,8548.04859,8397.809173,9560.159425,8930.729912,9497.206476,10031.34215,8976.954489,9404.381259,10727.97086,12494.42358,12957.99911,13047.45666,14946.62497,15692.30717,18419.41871
GDP per capita (current US$),NY.GDP.PCAP.CD,Russian Federation,RUS,11635.28418,8562.824219,10674.99023,14305.33203,15401.85156,15941.44824,14055.47266,9277.713867,8663.158203,10658.91309,11211.8877,11447.70117,10108.32715,12521.52246,15445.24219,13817.0459
GDP per capita (current US$),NY.GDP.PCAP.CD,Rwanda,RWA,529.529272,564.9766324,594.1156734,650.9366759,706.1371305,704.4155555,724.7219737,733.8133793,728.8027579,756.5476411,769.0753443,806.332472,773.9318006,822.2680412,966.5712933,1000.218923
GDP per capita (current US$),NY.GDP.PCAP.CD,Samoa,WSM,3344.054559,3250.953097,3494.395225,3789.626995,3902.311992,3989.89859,3948.728022,4048.467113,4105.810905,4261.640343,4189.052191,4308.300729,4042.722752,3857.689742,3745.560367,4139.029587
GDP per capita (current US$),NY.GDP.PCAP.CD,San Marino,SMR,77962.14399,66200.67297,59516.3234,55815.28526,48433.5703,50435.36733,50133.60652,42281.81125,43398.42853,44885.51784,48464.52465,47287.39839,45321.48922,54982.45171,..,..
GDP per capita (current US$),NY.GDP.PCAP.CD,Sao Tome and Principe,STP,1080.556568,1126.538585,1043.281427,1217.212064,1207.700702,1378.230193,1484.170105,1292.733055,1428.257908,1547.82271,1815.605495,1924.40815,2155.265868,2350.452701,2386.696176,2601.790547
GDP per capita (current US$),NY.GDP.PCAP.CD,Saudi Arabia,SAU,18944.85959,15064.63014,17958.94448,22441.57411,24069.19948,23945.51199,23862.79869,20442.36256,19930.41114,20910.48213,24175.58164,23405.70874,20398.06143,24315.61533,30447.88232,28894.96335
GDP per capita (current US$),NY.GDP.PCAP.CD,Senegal,SEN,1419.530903,1323.971226,1286.604966,1383.539116,1334.725915,1391.53219,1417.094987,1238.1264,1290.749971,1385.199214,1484.22707,1462.678353,1492.475903,1630.695072,1594.985153,1745.972068
GDP per capita (current US$),NY.GDP.PCAP.CD,Serbia,SRB,7101.040141,6169.114195,5735.422857,6809.159804,6015.945228,6755.073675,6600.056211,5588.979444,5765.203352,6292.546549,7252.403668,7417.206608,7733.803469,9232.957705,9537.684319,11360.95951
GDP per capita (current US$),NY.GDP.PCAP.CD,Seychelles,SYC,11265.43763,9747.091805,10934.79495,12110.09375,12337.15547,14821.29215,15188.19022,15333.10517,16566.9946,17480.36519,18440.23405,19141.51187,14041.47541,14982.91115,17167.19098,17879.23965
GDP per capita (current US$),NY.GDP.PCAP.CD,Sierra Leone,SLE,402.5534055,386.4338685,400.5407437,443.4518422,558.1797233,706.4526815,702.3385877,581.2934118,515.4478396,484.4561288,519.6499639,506.6069138,493.4322406,504.6212876,475.7957278,433.3741743
GDP per capita (current US$),NY.GDP.PCAP.CD,Singapore,SGP,40008.57205,38926.80544,47236.68308,53891.45703,55547.55531,56967.42579,57564.80231,55645.60686,56899.91818,61162.09739,66840.63734,66081.71992,61466.80368,79601.41296,88428.70242,84734.25592
GDP per capita (current US$),NY.GDP.PCAP.CD,Sint Maarten (Dutch part),SXM,..,..,..,27997.28983,28460.33262,27942.88054,36136.69917,36519.99266,36597.69201,35043.69087,32341.92343,35509.49473,30642.57994,33238.45587,37592.66081,39432.63812
GDP per capita (current US$),NY.GDP.PCAP.CD,Slovak Republic,SVK,18753.58494,16597.20846,16908.84796,18509.74022,17498.3539,18276.00955,18719.98814,16390.88217,16563.4405,17585.197,19486.39368,19381.89055,19553.26096,21765.7225,21279.45892,24470.23854
GDP per capita (current US$),NY.GDP.PCAP.CD,Slovenia,SVN,27595.59997,24792.12798,23532.48085,25128.01504,22641.80512,23503.28249,24247.17332,20890.16643,21678.35947,23514.02546,26123.74713,26042.44635,25558.42905,29331.0647,28439.3341,32163.51142
GDP per capita (current US$),NY.GDP.PCAP.CD,Solomon Islands,SLB,1504.527495,1526.159908,1661.997885,1921.356352,2087.517887,2208.085284,2235.733703,2134.805418,2196.283891,2283.579051,2450.482888,2398.77305,2222.462119,2151.293017,2162.66613,2203.179126
GDP per capita (current US$),NY.GDP.PCAP.CD,Somalia,SOM,516.7048899,251.3712917,223.4876069,237.8684513,324.8871765,454.0772642,491.1898041,507.4829155,517.0975815,555.1851236,537.1592902,589.4658919,556.578066,576.5236782,592.103122,643.7500288
GDP per capita (current US$),NY.GDP.PCAP.CD,South Africa,ZAF,6251.877427,6444.18684,8059.562798,8737.041269,8173.869138,7441.230854,6965.137897,6204.929901,5735.066787,6734.475153,7067.724165,6702.526617,5753.066494,7073.612754,6766.481254,6253.161613
GDP per capita (current US$),NY.GDP.PCAP.CD,South Sudan,SSD,1653.041537,1325.275077,1503.133889,1455.358407,1114.923723,1659.140787,1245.149311,1071.777765,..,..,..,..,..,..,..,..
GDP per capita (current US$),NY.GDP.PCAP.CD,Spain,ESP,35510.72223,32169.50285,30532.48051,31677.90031,28322.94659,29077.18206,29513.65118,25754.36103,26537.15949,28185.32137,30379.72111,29581.51855,26984.29628,30488.82095,29674.54429,32676.98371
GDP per capita (current US$),NY.GDP.PCAP.CD,Sri Lanka,LKA,2007.026655,2053.766451,2836.974109,3248.04021,3351.892476,3643.832447,3885.623616,3990.353117,4107.829775,4388.201906,4360.584735,4082.694049,3846.174496,3999.338002,3342.720125,3827.964806
GDP per capita (current US$),NY.GDP.PCAP.CD,St. Kitts and Nevis,KNA,16491.88509,16374.25689,16427.62101,17571.98446,17293.80605,18315.91468,19923.22733,20029.75983,21068.43807,22119.44706,22540.31842,23219.64193,18553.42392,18036.00853,20593.60912,22553.30565
GDP per capita (current US$),NY.GDP.PCAP.CD,St. Lucia,LCA,8528.682085,8259.322338,8672.215668,9110.75181,9231.576254,9542.713574,10006.55125,10292.73353,10591.875,11280.59303,11585.69187,11714.89755,8356.678555,10213.11544,13030.92895,13980.09408
GDP per capita (current US$),NY.GDP.PCAP.CD,St. Martin (French part),MAF,..,..,..,21344.5873,..,..,21920.02378,..,..,..,..,19691.61671,..,20320.71688,..,..
GDP per capita (current US$),NY.GDP.PCAP.CD,St. Vincent and the Grenadines,VCT,6641.495878,6503.097772,6590.989579,6566.482713,6754.370184,7117.554763,7210.603113,7386.746638,7684.79284,7996.672074,8399.707731,8680.251102,8306.360493,8360.099739,9297.846929,10279.49394
GDP per capita (current US$),NY.GDP.PCAP.CD,Sudan,SDN,1585.582397,1223.903442,1356.894653,1391.425659,1070.339722,1195.420288,1338.173096,1355.126099,1082.616577,1014.842468,769.8691406,748.0109253,608.3325195,749.7067871,1102.245361,2272.485596
GDP per capita (current US$),NY.GDP.PCAP.CD,Suriname,SUR,6616.815126,7176.857658,7999.507394,8009.252302,8922.956186,9124.541093,9199.177893,8907.837258,5705.399487,6112.883014,6730.836961,6690.044786,4796.533314,5026.879493,5858.824661,6069.028901
GDP per capita (current US$),NY.GDP.PCAP.CD,Eswatini,SWZ,3022.456177,3270.137761,4035.534481,4360.959967,4396.57912,4111.128382,3928.522755,3583.31129,3339.990401,3824.046783,4021.445556,3843.380046,3372.904611,4068.57379,3986.887239,3797.301209
GDP per capita (current US$),NY.GDP.PCAP.CD,Sweden,SWE,56152.55234,46946.96027,52869.04429,60755.75955,58037.82132,61126.9432,60020.36046,51545.48361,51965.15715,53791.50873,54589.06039,51939.42974,52837.90398,61417.68088,56299.50573,56305.2502
GDP per capita (current US$),NY.GDP.PCAP.CD,Switzerland,CHE,74175.19279,71568.31239,76531.37294,90476.75897,85836.20768,87304.33058,88724.99094,83806.4476,82153.07454,82254.37693,85217.36915,84121.93103,85897.78433,93446.43445,93259.90572,99994.93802
GDP per capita (current US$),NY.GDP.PCAP.CD,Syrian Arab Republic,SYR,2447.507162,2479.094234,2748.322694,2971.282434,1910.604526,993.7398831,1071.234204,857.4178848,664.2948472,862.3253276,1111.946829,1123.632353,537.0483709,421.1173452,..,..
GDP per capita (current US$),NY.GDP.PCAP.CD,Tajikistan,TJK,704.6501788,666.7213442,740.2761349,837.8815558,959.360285,1038.320789,1094.43005,970.3625472,801.39384,844.3652169,850.6669272,889.0233407,852.3302021,916.6919671,1076.434691,1188.993038
GDP per capita (current US$),NY.GDP.PCAP.CD,Tanzania,TZA,671.2444458,688.7103882,730.7823486,768.9334106,854.5404663,954.6588135,1013.428772,929.7998047,942.8890381,975.9046631,1011.600159,1050.931763,1104.164429,1146.031982,1193.359619,1211.058594
GDP per capita (current US$),NY.GDP.PCAP.CD,Thailand,THA,4327.79747,4154.187447,4996.372098,5396.643586,5748.632721,6041.133948,5822.377783,5708.794091,5854.463908,6436.78966,7124.55881,7628.576033,7001.850287,7070.512507,6913.050805,7171.808093
GDP per capita (current US$),NY.GDP.PCAP.CD,Timor-Leste,TLS,621.7414647,682.2247874,810.2164842,936.7089677,1020.110295,1201.602507,1221.72396,1322.929094,1349.546777,1285.523976,1241.164485,1583.078603,1663.559629,2741.95082,2389.295875,1648.64729
GDP per capita (current US$),NY.GDP.PCAP.CD,Togo,TGO,735.8558302,737.9541133,722.2298014,803.4828432,781.5547749,847.3879715,877.1929606,770.1438074,792.4409914,813.3947872,873.565403,848.310125,876.5429724,964.99811,923.2403712,1012.973873
GDP per capita (current US$),NY.GDP.PCAP.CD,Tonga,TON,3221.080519,2915.493904,3416.110699,3852.144462,4378.571528,4208.187891,4125.425454,4117.931047,3978.437686,4367.256603,4649.613301,4878.978686,4605.970841,4425.971492,4681.679407,..
GDP per capita (current US$),NY.GDP.PCAP.CD,Trinidad and Tobago,TTO,20011.14827,13682.76361,15711.55871,17910.31915,19110.0539,19927.4039,20473.40403,18508.7705,16139.10526,16258.74893,16328.12689,15642.40672,13705.90023,16056.30204,19629.46534,18332.96402
GDP per capita (current US$),NY.GDP.PCAP.CD,Tunisia,TUN,4200.172644,4029.461206,4241.01191,4361.949122,4233.916254,4308.338305,4398.638695,3960.924849,3796.1096,3569.718839,3577.175342,3477.836181,3493.897738,3817.377174,3607.910238,3895.386639
GDP per capita (current US$),NY.GDP.PCAP.CD,Turkiye,TUR,10843.50369,9012.999458,10622.70204,11300.78522,11713.28498,12578.18786,12165.22014,11049.99511,10970.04589,10695.5502,9568.83619,9215.440875,8638.739133,9743.213131,10674.50417,12985.75315
GDP per capita (current US$),NY.GDP.PCAP.CD,Turkmenistan,TKM,3778.668539,3901.670283,4286.880505,5453.155005,6441.886618,7049.797505,7685.509859,6208.296655,6163.253406,6354.53283,6721.34954,7344.880204,7330.366288,7885.299896,8792.548504,9190.671543
GDP per capita (current US$),NY.GDP.PCAP.CD,Turks and Caicos Islands,TCA,31459.54343,24602.91102,23103.94268,23649.71443,22666.40691,22451.56873,24040.87466,25783.2941,26995.03216,25824.25618,27207.29396,27327.88328,17496.01747,23180.88517,26886.51474,30438.41759
GDP per capita (current US$),NY.GDP.PCAP.CD,Tuvalu,TUV,3103.040777,2697.634893,3043.16668,3663.267055,3624.984289,3536.901505,3556.379728,3384.383201,3836.073003,4181.436586,4419.259998,4940.050983,4674.911403,5372.760239,5221.53307,5465.102807
GDP per capita (current US$),NY.GDP.PCAP.CD,Uganda,UGA,473.3028334,799.9296321,824.7376711,837.0958842,796.7111394,819.7578673,897.5097286,864.1800593,753.6844055,766.177604,793.1280822,823.0247329,846.7672026,883.8920262,964.3541465,1014.213978
GDP per capita (current US$),NY.GDP.PCAP.CD,Ukraine,UKR,4066.531738,2639.378174,3078.414795,3704.842285,4004.789795,4187.739746,3104.653809,2124.662598,2187.727539,2638.325439,3096.5625,3661.457764,3751.737305,4827.845703,4575.975098,5181.362793
GDP per capita (current US$),NY.GDP.PCAP.CD,United Arab Emirates,ARE,45140.76908,31722.58876,35392.26097,42078.61381,44386.78608,45729.60768,46865.9646,41525.1389,41054.53957,43063.96748,46722.26872,45376.17084,37629.17417,44332.34005,53707.98008,52976.80838
GDP per capita (current US$),NY.GDP.PCAP.CD,United Kingdom,GBR,47396.12021,38744.13169,39598.95712,42109.64188,42497.3405,43426.29814,47439.61659,44964.39114,40985.23514,40572.12148,43203.81411,42662.53537,40217.00901,46869.75906,45564.15694,48866.60396
GDP per capita (current US$),NY.GDP.PCAP.CD,United States,USA,48570.05943,47194.95009,48650.66432,50065.97895,51784.41147,53409.75078,55304.31553,57040.20821,58206.61419,60322.26142,63201.04585,65548.07078,64317.39891,71055.87619,77246.67388,81695.18707
GDP per capita (current US$),NY.GDP.PCAP.CD,Uruguay,URY,9328.065708,9780.739618,12512.59413,14975.56282,16087.25208,18140.89221,18131.57885,16950.75317,16837.94038,18995.39702,19067.29156,18149.05629,15651.00338,17733.85516,20499.24222,22564.53246
GDP per capita (current US$),NY.GDP.PCAP.CD,Uzbekistan,UZB,1082.286025,1213.265328,1742.349256,2051.129515,2267.623275,2419.718744,2628.460054,2753.971058,2704.677189,1916.764625,1604.258641,1795.201768,1759.307471,1993.424478,2276.161233,2496.107758
GDP per capita (current US$),NY.GDP.PCAP.CD,Vanuatu,VUT,2525.083904,2472.463564,2732.551567,3064.751201,2906.342461,2877.444528,2861.203154,2643.886886,2757.203306,3032.19703,3076.835315,3076.589886,2917.756849,2978.012598,3128.540422,3367.094639
GDP per capita (current US$),NY.GDP.PCAP.CD,"Venezuela, RB",VEN,11310.77817,11641.79915,13692.91497,10877.11236,12937.9276,12433.98079,15975.72938,..,..,..,..,..,..,..,..,..
GDP per capita (current US$),NY.GDP.PCAP.CD,Viet Nam,VNM,1158.101627,1225.845009,1684.011772,1953.55715,2190.23244,2367.499331,2558.778758,2595.234844,2760.717101,2992.071532,3267.225069,3491.09141,3586.347176,3759.948329,4179.01179,4346.768492
GDP per capita (current US$),NY.GDP.PCAP.CD,Virgin Islands (U.S.),VIR,39152.37507,38753.18254,39905.12842,38997.13732,37795.31926,34597.97669,33045.36438,34007.35294,35324.97489,35365.0693,36663.20876,38633.52989,39411.04525,41976.00831,..,..
GDP per capita (current US$),NY.GDP.PCAP.CD,West Bank and Gaza,PSE,2035.202341,2191.781787,2557.075624,2880.798437,3067.438727,3315.297539,3352.112595,3272.154324,3527.613824,3620.360487,3562.330943,3656.858271,3233.568638,3678.635657,3799.95527,3367.60699
GDP per capita (current US$),NY.GDP.PCAP.CD,"Yemen, Rep.",YEM,1153.536422,1045.805578,1249.063085,1284.617635,1349.99061,1497.747941,1557.601406,1488.416289,1069.817009,893.7165009,701.7148647,..,..,..,..,..
GDP per capita (current US$),NY.GDP.PCAP.CD,Zambia,ZMB,1393.519491,1150.941746,1469.36145,1644.456831,1729.647471,1840.320553,1724.57622,1307.909649,1249.923143,1495.752138,1475.199883,1268.120941,958.2649005,1134.713454,1456.90157,1369.129365
GDP per capita (current US$),NY.GDP.PCAP.CD,Zimbabwe,ZWE,351.8391005,762.2979603,937.84034,1082.615773,1290.193957,1408.36781,1407.034291,1410.329173,1421.787791,1192.107012,2269.177012,1421.868596,1372.696674,1773.920411,1676.821489,1592.416574
,,,,,,,,,,,,,,,,,,,
,,,,,,,,,,,,,,,,,,,
,,,,,,,,,,,,,,,,,,,
Data from database: World Development Indicators,,,,,,,,,,,,,,,,,,,
Last Updated: 11/13/2024,,,,,,,,,,,,,,,,,,,